"","subnum","runnum","vif","value"
"87","1_007","Run1","des.matV3",50.3755484113187
"88","1_007","Run1","des.matV4",17.1962993990581
"1071","ldrc2_1_129","Run2","des.matV3",128.043359512475
"1072","ldrc2_1_129","Run2","des.matV4",24.2491073025436
