"","subnum","runnum","vif","value"
"111","0_057","Run2","des.matV3",46.9200647912826
"112","0_057","Run2","des.matV4",10.9245183731142
"147","1_007","Run1","des.matV3",50.3755484113187
"148","1_007","Run1","des.matV4",17.1962993990581
"1515","ldrc3_0_248","Run1","des.matV3",11.9317725447289
"1516","ldrc3_0_248","Run1","des.matV4",14.5051216520205
