"","numDF","denDF","F-value","p-value"
"(Intercept)",1,172,6059.87358787121,0
"cond_type",3,172,17.9443318145054,3.52954776516867e-10
"groups",2,172,9.03042683919514,0.000186498924371392
