"","numDF","denDF","F-value","p-value"
"(Intercept)",1,172,6059.87357552322,0
"cond_type",3,172,17.9443318240277,3.52954776516867e-10
"groups",2,172,9.03042682483773,0.000186498926794565
