"","numDF","denDF","F-value","p-value"
"(Intercept)",1,172,1366.70054100228,0
"cond_type",3,172,24.3961489374612,3.3362201889986e-13
"groups",2,172,12.976228426147,5.63909424555753e-06
