"","numDF","denDF","F-value","p-value"
"(Intercept)",1,172,6059.87359391267,0
"cond_type",3,172,17.9443318098465,3.52954776516867e-10
"groups",2,172,9.0304268462198,0.000186498923185785
