"","numDF","denDF","F-value","p-value"
"(Intercept)",1,172,6059.87359142584,0
"cond_type",3,172,17.9443318117642,3.52954776516867e-10
"groups",2,172,9.03042684332835,0.000186498923673728
